NAME,Symbol,Market Value
BYTEBANDITS,,23
INFORMATICA CORPORATION,INFA,"$1,294.20"
BOARDWALK PIPELINE PARTNERS,BWP,"$1,292.80"
CURTISS-WRIGHT CORPORATION,CW,"$1,290.10"
BAXTER INTERNATIONAL INC.,BAX^,"$1,289.00"
PROVIDENT FINANCIAL SERVICES,PFS,"$1,283.40"
WATSON WYATT & COMPANY HOLDINGS,WW,"$1,282.70"
ISHARES TRUST FTSE-XINHUA CHINA 25 INDEX FUND,FXI,"$1,282.60"
"CASEY'S GENERAL STORES, INC.",CASY,"$1,280.80"
SCOTTISH RE GROUP LIMITED,SCT,"$1,279.70"
"EQUINIX, INC.",EQIX,"$1,279.50"
"ALEXANDER'S, INC.",ALX,"$1,277.00"
CORUS ENTERTAINMT INCORPORATED,CJR,"$1,276.50"
WINTRUST FINANCIAL CORPORATION,WTFC,"$1,276.40"
"EMCOR GROUP, INC.",EME,"$1,275.60"
"GREAT ATLANTIC & PACIFIC TEA COMPANY, INC. (THE)",GAP,"$1,275.40"
QUINENCO SA,LQ,"$1,274.10"
LIBERTY ALL-STAR EQUITY FUND,USA,"$1,273.50"
"STRAYER EDUCATION, INC.",STRA,"$1,271.30"
ATMI INC.,ATMI,"$1,270.40"
EMPRESAS ICA SOC CONTRLADORA,ICA,"$1,270.00"
CORPBANCA,BCA,"$1,266.20"
"SRA INTERNATIONAL, INC",SRX,"$1,264.80"
NUVEEN PREFERRED AND CONVERTIBLE INCOME FUND,JPC,"$1,264.60"
AK STEEL HOLDING CORPORATION,AKS,"$1,263.90"
"BIO-RAD LABORATORIES, INC.",BIO,"$1,260.80"
OMI CORPORATION,OMM,"$1,260.80"
EMBRATEL PARTICIPACOES SA,EMT,"$1,257.40"
CVB FINANCIAL CORPORATION,CVBF,"$1,257.00"
ESCO TECHNOLOGIES INC.,ESE,"$1,256.80"
"AMERISTAR CASINOS, INC.",ASCA,"$1,256.10"
HANAROTELECOM INCORPORATED,HANA,"$1,255.70"
"LINENS 'N THINGS, INC.",LIN,"$1,253.10"
KRONOS INCORPORATED,KRON,"$1,252.10"
NEWJERSEY RESOURCES CORPORATION,NJR,"$1,252.10"
BIOMED REALTY TRUST,BMR,"$1,251.20"
PERDIGAO S.A.,PDA,"$1,251.10"
"APPLIED INDUSTRIAL TECHNOLOGIES, INC.",AIT,"$1,251.00"
"OWENS & MINOR, INC.",OMI,"$1,249.00"
PLEXUS CORP.,PLXS,"$1,246.40"
LASALLE HOTEL PROPERTIES,LHO,"$1,246.10"
"COMMERCIAL NET LEASE REALTY, INC.",NNN,"$1,243.00"
RYDEX ETF TRUST,RSP,"$1,240.60"
SPANSION INC.,SPSN,"$1,240.50"
TELE CENTRO OEST CELULAR PARTICIPACOES S.A.,TRO,"$1,239.70"
MERRILL LYNCH SEMICONDUCTOR HOLDRS,SMH,"$1,237.40"
"NUVEEN INSURED MUNICIPAL OPPORTUNITY FUND, INC.",NIO,"$1,236.50"
DIGITAL INSIGHT CORPORATION,DGIN,"$1,235.60"
"HEARST-ARGYLE TELEVISION, INC.",HTV,"$1,232.70"
"ARVINMERITOR, INC.",ARM,"$1,229.70"
"CEC ENTERTAINMENT, INC.",CEC,"$1,229.00"
BANTA CORPORATION,BN,"$1,225.80"
MASISA SA ADS,MYS,"$1,225.60"
ARBITRON INC.,ARB,"$1,225.40"
ISHARES DOW JONES U.S. HEALTH CARE INDEX FUND,IYH,"$1,224.60"
WCI COMMUNITIES INC,WCI,"$1,221.70"
RANDGOLD RESOURCES LIMITED,GOLD,"$1,221.20"
DOMTAR INCORPORATED,DTC,"$1,219.50"
FORWARD AIR CORPORATION,FWRD,"$1,219.10"
"CHILDREN'S PLACE RETAIL STORES, INC. (THE)",PLCE,"$1,217.70"
"COMMSCOPE, INC.",CTV,"$1,216.30"
"THERAVANCE, INC.",THRX,"$1,215.40"
UNIVERSAL CORPORATION,UVV,"$1,215.00"
PUTNAM PREMIER INCOME TRUST,PPT,"$1,211.90"
AMERICAN GREETINGS CORPORATION,AM,"$1,211.10"
"DRIL-QUIP, INC.",DRQ,"$1,210.10"
AMERICAN REPORGRAPHICS COMPANY,ARP,"$1,209.80"
"APRIA HEALTHCARE GROUP, INC.",AHG,"$1,207.90"
ISHARES S&P EUROPE 350 INDEX FUND,IEV,"$1,207.00"
SCHOLASTIC CORPORATION,SCHL,"$1,206.50"
"CCE SPINCO, INC.",LYV,"$1,199.30"
MATTHEWS INTERNATIONAL CORPORATION,MATW,"$1,197.10"
"FORMFACTOR, INC.",FORM,"$1,194.90"
NEWCASTLE INVESTMENT CORPORATION,NCT,"$1,194.40"
"GABELLI EQUITY TRUST, INC. (THE)",GAB,"$1,193.10"
MIDWAY GAMES INC.,MWY,"$1,191.70"
"CHINA MEDICAL TECHNOLOGIES, INC.",CMED,"$1,190.40"
COMPANHIA PARANAENSE DE ENERGIA (COPEL),ELP,"$1,188.60"
"KINGSWAY FINANCIAL SERVICES, INC.",KFS,"$1,187.80"
ELDORADO GOLD CORP,EGO,"$1,186.40"
"ITRON, INC.",ITRI,"$1,186.40"
"DIGITAL RIVER, INC.",DRIV,"$1,182.30"
"MKS INSTRUMENTS, INC.",MKSI,"$1,180.00"
BLACK HILLS CORPORATION,BKH,"$1,179.30"
PETROHAWK ENERGY CORPORATION,HAWK,"$1,176.60"
BELDEN CDT INC,BDC,"$1,174.40"
DORAL FINANCIAL CORPORATION,DRL,"$1,173.20"
SHANDA INTERACTIVE ENTERTAINMENT LIMITED,SNDA,"$1,172.20"
"ADVANCE AMERICA, CASH ADVANCE CENTERS, INC.",AEA,"$1,172.00"
PSS WORLD MEDICAL INC.,PSSI,"$1,170.80"
ISHARES LEHMAN 7-10 YEAR TREASURY BOND FUND,IEF,"$1,168.40"
VERINT SYSTEMS INC.,VRNT,"$1,166.80"
GEORGIA GULF CORPORATION,GGC,"$1,166.70"
STREETTRACKS GOLD TRUST,GLD,"$3,306.30"
RECKSON ASSOCIATES REALTY CORPORATION,RA,"$3,296.60"
ERIE INDEMNITY COMPANY,ERIE,"$3,278.10"
MARKEL CORPORATION,MKL,"$3,272.90"
WHITMAN CORPORATION,PAS,"$3,272.10"
DPL INC.,DPL,"$3,269.80"
"RAYMOND JAMES FINANCIAL, INC.",RJF,"$3,257.70"
SMURFIT-STONE CONTAINER CORPORATION,SSCC,"$3,247.00"
CELANESE CORPORATION,CE,"$3,245.80"
RAYONIER INC. REIT,RYN,"$3,242.70"
"RENAL CARE GROUP, INC.",RCI,"$3,241.60"
RENAISSANCERE HOLDINGS LTD.,RNR,"$3,229.30"
"BEMIS COMPANY, INC.",BMS,"$3,213.80"
COMPUWARE CORPORATION,CPWR,"$3,196.40"
"SYNOPSYS, INC.",SNPS,"$3,192.10"
CANADIAN PAC LTD,FHR,"$3,189.30"
PACTIV CORPORATION,PTV,"$3,186.60"
CMS ENERGY CORPORATION,CMS,"$3,184.80"
CAREER EDUCATION CORPORATION,CECO,"$3,183.20"
ARAMARK CORPORATION,RMK,"$3,179.40"
MASSEY ENERGY COMPANY,MEE,"$3,172.60"
ZEBRA TECHNOLOGIES CORPORATION,ZBRA,"$3,168.00"
ISHARES S&P MIDCAP 400 INDEX FUND,IJH,"$3,166.50"
"JEFFERIES GROUP, INC.",JEF,"$3,165.30"
HON INDUSTRIES INC.,HNI,"$3,160.80"
SIGNET GROUP PLC,SIG,"$3,160.40"
"VENTAS, INC.",VTR,"$3,159.10"
"ITT EDUCATIONAL SERVICES, INC.",ESI,"$3,152.20"
"AFFILIATED MANAGERS GROUP, INC.",AMG,"$3,150.40"
LOEWS CORPORATION,CG,"$3,144.60"
BORGWARNER INC.,BWA,"$3,142.90"
CARMAX INC,KMX,"$3,134.00"
PROTECTIVE LIFE CORPORATION,PL,"$3,132.70"
PITTSTON COMPANY (THE),BCO,"$3,125.10"
"CROWN CORK & SEAL COMPANY, INC.",CCK,"$3,118.60"
INGRAM MICRO INC.,IM,"$3,115.50"
LOUISIANA-PACIFIC CORPORATION,LPX,"$3,115.00"
LUBRIZOL CORPORATION (THE),LZ,"$3,110.60"
"CHOICE HOTELS INTERNATIONAL, INC.",CHH,"$3,103.90"
"SYMBOL TECHNOLOGIES, INC.",SBL,"$3,099.50"
JAMES HARDIE INDUSTRIES NV,JHX,"$3,089.60"
"HUGHES SUPPLY, INC.",HUG,"$3,085.10"
"CGI GROUP, INC.",GIB,"$3,083.50"
MERCURY GENERAL CORPORATION,MCY,"$3,077.80"
ISHARES S&P 500/BARRA GROWTH INDEX FUND,IVW,"$3,071.70"
NSTAR,NST,"$3,069.70"
SONOCO PRODUCTS COMPANY,SON,"$3,069.40"
SEMICONDUCTOR  MANUFACTURING INTERNATIONAL CORPORATION,SMI,"$3,065.10"
"ALAMOSA HOLDINGS, INC.",APCS,"$3,063.50"
"INTERNATIONA FLAVORS & FRAGRANCES, INC.",IFF,"$3,061.50"
ISHARES S&P 500/BARRA VALUE INDEX FUND,IVE,"$3,058.10"
INVESTORS FINANCIAL SERVICES CORP.,IFIN,"$3,050.30"
"UNITRIN, INC.",UTR,"$3,044.80"
"ARDEN REALTY, INC.",ARI,"$3,040.70"
"REINSURANCE GROUP OF AMERICA, INCORPORATED",RGA,"$3,038.10"
BOK FINANCIAL CORPORATION,BOKF,"$3,035.00"
PANAMSAT HOLDING CORPORATION,PA,"$3,031.80"
IMCLONE SYSTEMS INCORPORATED,IMCL,"$3,025.20"
"ADVANCED MEDICAL OPTICS, INC.",EYE,"$3,019.90"
"HILLENBRAND INDUSTRIES, INC.",HB,"$3,016.90"
CROMPTON CORPORATION,CEM,"$3,015.50"
CHICAGO BRIDGE & IRON COMPANY N.V.,CBI,"$3,015.20"
"BEAZER HOMES USA, INC.",BZH,"$2,996.70"
FRONTLINE LTD.,FRO,"$2,990.80"
RADIOSHACK CORPORATION,RSH,"$2,988.70"
"AIRGAS, INC.",ARG,"$2,986.10"
"CLAIRE'S STORES, INC.",CLE,"$2,984.00"
NORTHEAST UTILITIES,NU,"$2,983.40"
WARNER MUSIC GROUP CORP.,WMG,"$2,982.60"
"SMITHFIELD FOODS, INC.",SFD,"$2,981.80"
"ADC TELECOMMUNICATIONS, INC.",ADCT,"$2,962.10"
SELECT SECTOR SPDR FUND - ENERGY SELECT SECTOR,XLE,"$2,929.20"
TEEKAY SHIPPING CORPORATION,TK,"$2,929.00"
"CULLEN/FROST BANKERS, INC.",CFR,"$2,927.90"
"RAMBUS, INC.",RMBS,"$2,925.40"
"AMERICAN FINANCIAL GROUP, INC.",AFG,"$2,917.60"
GENERAL MOTORS CORPORATION,GPM,"$2,910.40"
CHEESECAKE FACTORY INCORPORATED (THE),CAKE,"$2,893.80"
"GILDAN ACTIVEWEAR, INC.",GIL,"$2,892.30"
"AMTEK, INC.",AME,"$2,887.40"
"RYDER SYSTEM, INC.",R,"$2,868.60"
"FAIR, ISAAC AND COMPANY, INCORPORATED",FIC,"$2,865.40"
BRANDYWINE REALTY TRUST,BDN,"$2,864.20"
ENERGEN CORPORATION,EGN,"$2,859.50"
ISHARES RUSSELL 2000 VALUE INDEX FUND,IWN,"$2,853.60"
NOVA CHEMICALS CORPORATION,NCX,"$2,844.10"
"DONALDSON COMPANY, INC.",DCI,"$2,843.50"
"M.D.C. HOLDINGS, INC.",MDC,"$2,829.90"
"SHURGARD STORAGE CENTERS, INC.",SHU,"$2,829.20"
SHAW GROUP INC. (THE),SGR,"$2,824.00"
"INTERCONTINENTALEXCHANGE, INC.",ICE,"$2,818.80"
FULTON FINANCIAL CORPORATION,FULT,"$2,817.60"
"PAN PACIFIC RETAIL PROPERTIES, INC.",PNP,"$2,816.50"
"JLG INDUSTRIES, INC.",JLG,"$2,814.80"
WILMINGTON TRUST CORPORATION,WL,"$2,814.50"
CREDICORP LTD.,BAP,"$2,812.60"
SOUTHERN UNION COMPANY,SUG,"$2,807.80"
RESMED INC.,RMD,"$2,793.50"
"AGL RESOURCES, INC.",ATG,"$2,780.10"
NATIONAL FUEL GAS COMPANY,NFG,"$2,779.00"
ARTHUR J. GALLAGHER & CO.,AJG,"$2,776.00"
"SKY FINANCIAL GROUP, INC.",SKYF,"$2,773.00"
COMMERCIAL METALS COMPANY,CMC,"$2,769.60"
GOODYEAR TIRE & RUBBER COMPANY (THE),GT,"$2,758.90"
"ONEOK, INC.",OKE,"$2,757.40"
GRACO INC.,GGG,"$2,754.10"
VALSPAR CORPORATION (THE),VAL,"$2,746.50"
"MDS, INC.",MDZ,"$2,739.70"
"LAIDLAW INTERNATIONAL, INC.",LI,"$2,731.20"
MERIDIAN GOLD INC.,MDG,"$2,724.30"
THOMAS & BETTS CORPORATION,TNB,"$2,717.90"
"STANCORP FINANCIAL GROUP, INC.",SFG,"$2,715.30"
PETROBRAS ENERGIA PARTICIPACIONES SA,PZE,"$2,703.40"
"CBL & ASSOCIATES PROPERTIES, INC.",CBL,"$2,697.60"
UNITED STATES CELLULAR CORPORATION,USM,"$2,691.00"
"DIEBOLD, INCORPORATED",DBD,"$2,687.10"
TITANIUM METALS CORPORATION,TIE,"$2,686.90"
"THORNBURG MORTGAGE, INC.",TMA,"$2,685.40"
SAKS INCORPORATED,SKS,"$2,683.80"
"VISHAY INTERTECHNOLOGY, INC.",VSH,"$2,682.20"
"CNF, INC.",CNF,"$2,681.80"
FRONTIER OIL CORPORATION,FTO,"$2,679.10"
"PENN NATIONAL GAMING, INC.",PENN,"$2,677.60"
BANK OF HAWAII CORPORATION,BOH,"$2,677.10"
"SILICON LABORATORIES, INC.",SLAB,"$2,658.30"
SIERRA PACIFIC RESOURCES,SRP,"$2,650.10"
ISHARES LEHMAN AGGREGATE BOND FUND,AGG,"$2,644.00"
"DOLLAR TREE STORES, INC.",DLTR,"$2,638.30"
"STERICYCLE, INC.",SRCL,"$2,637.20"
"W&T OFFSHORE, INC.",WTI,"$2,633.90"
NALCO HOLDING COMPANY,NLC,"$2,633.50"
RELIANCE STEEL & ALUMINUM COMPANY,RS,"$2,632.20"
"KINDER MORGAN MANAGEMENT, LLC",KMR,"$2,626.60"
"BLACKROCK, INC.",BLK,"$2,613.90"
GOL LINHAS AEREAS INTELIGENTES S.A.,GOL,"$2,612.20"
VALLEY NATIONAL BANCORP,VLY,"$2,607.30"
ALLMERICA FINANCIAL CORPORATION,THG,"$2,601.50"
EMDEON CORPORATION,HLTH,"$2,598.70"
"RESPIRONICS, INC.",RESP,"$2,596.80"
GENTEX CORPORATION,GNTX,"$2,594.80"
"LAUREATE EDUCATION, INC.",LAUR,"$2,592.90"
"TEPPCO PARTNERS, L.P.",TPP,"$2,592.20"
FAIRFAX FINANCIAL HOLDINGS LTD,FFH,"$2,589.70"
PRIMEWEST ENERGY TRUST,PWI,"$2,588.30"
"NEW PLAN EXCEL REALTY TRUST, INC.",NXL,"$2,569.20"
GEN-PROBE INCORPORATED,GPRO,"$2,563.10"
"F5 NETWORKS, INC.",FFIV,"$2,556.80"
"BRE PROPERTIES, INC.",BRE,"$2,554.60"
TELEFLEX INCORPORATED,TFX,"$2,554.10"
EDWARDS LIFESCIENCES CORPORATION,EW,"$2,553.40"
VIDESH SANCHAR NIGAM LIMITED,VSL,"$2,549.30"
TRW AUTOMOTIVE HOLDINGS CORPORATION,TRW,"$2,547.90"
"KINETIC CONCEPTS, INC.",KCI,"$2,544.40"
FLOWSERVE CORPORATION,FLS,"$2,541.50"
WEBSTER FINANCIAL CORPORATION,WBS,"$2,527.50"
CNH GLOBAL N.V.,CNH,"$2,523.10"
"TRINITY INDUSTRIES, INC.",TRN,"$2,501.60"
WESCO FINANCIAL CORPORATION,WSC,"$2,492.00"
PACKAGING CORPORATION OF AMERICA,PKG,"$2,487.00"
SCOR S.A.,SCO,"$2,477.50"
"LANDSTAR SYSTEM, INC.",LSTR,"$2,475.60"
METHANEX CORPORATION,MEOH,"$2,472.10"
PIONEER CORPORATION,PIO,"$2,470.50"
ST. MARY LAND,SM,"$2,468.50"
"COOPER COMPANIES, INC. (THE)",COO,"$2,466.90"
CABOT CORPORATION,CBT,"$2,466.30"
"IDEXX LABORATORIES, INC.",IDXX,"$2,462.50"
OGE ENERGY CORPORATION,OGE,"$2,458.90"
"DUFF & PHELPS UTILITIES INCOME, INC.",DNP,"$2,441.60"
"NATIONWIDE FINANCIAL SERVICES, INC.",NFS,"$2,439.60"
PUGET SOUND ENERGY,PSD,"$2,435.20"
SERVICE CORPORATION INTERNATIONAL,SCI,"$2,426.20"
ABER DIAMOND CORPORATION,ABER,"$2,423.90"
"UNIVERSAL HEALTH SERVICES, INC.",UHS,"$2,417.50"
"THOR INDUSTRIES, INC.",THO,"$2,417.40"
CENTERPOINT PROPERTIES TRUST,CNT,"$2,417.10"
HERBALIFE LTD.,HLF,"$2,414.30"
CONVERGYS CORPORATION,CVG,"$2,407.80"
"TEKTRONIX, INC.",TEK,"$2,407.50"
IDEX CORPORATION,IEX,"$2,406.60"
"METTLER-TOLEDO INTERNATIONAL, INC.",MTD,"$2,405.80"
COMPANHIA BRASILEIRA DE DISTRIBUICAO,CBD,"$2,401.80"
AGNICO-EAGLE MINES LIMITED,AEM,"$2,399.00"
ISHARES RUSSELL 2000 GROWTH INDEX FUND,IWO,"$2,395.70"
AMERUS GROUP COMPANY,AMH,"$2,373.10"
"CHURCH & DWIGHT COMPANY, INC.",CHD,"$2,367.20"
CLEVELAND-CLIFFS INC.,CLF,"$2,365.00"
ISHARES RUSSELL 1000 INDEX FUND,IWB,"$2,364.60"
COMPANHIA DE SANEAMENTO BASICO DO ESTADO DE SAO PA,SBS,"$2,362.70"
ISHARES S&P MIDCAP 400/BARRA VALUE INDEX FUND,IJJ,"$2,348.40"
MILLS CORPORATION (THE),MLS,"$2,346.20"
TM CORPORATE BOND FUND,LQD,"$2,343.90"
"HARTE-HANKS, INC.",HHS,"$2,335.30"
CAPITOL FEDERAL FINANCIAL,CFFN,"$2,332.20"
"ENBRIDGE ENERGY, LIMITED PARTNERSHIP",EEP,"$2,325.30"
SNAP-ON INCORPORATED,SNA,"$2,324.70"
CIENA CORPORATION,CIEN,"$2,323.50"
MAHANAGAR TELEPHONE NIGAM LTD,MTE,"$2,318.40"
"HOLOGIC, INC.",HOLX,"$2,309.70"
"ALEXANDER & BALDWIN, INC.",ALEX,"$2,307.20"
DRESSER-RAND GROUP INC.,DRC,"$2,301.00"
"NETEASE.COM, INC.",NTES,"$2,297.30"
ADESA INC,KAR,"$2,293.00"
CYTEC INDUSTRIES INC.,CYT,"$2,287.50"
"VCA ANTECH, INC.",WOOF,"$2,286.30"
UNISYS CORPORATION,UIS,"$2,283.10"
"UNITED RENTALS, INC.",URI,"$2,281.60"
"COPART, INC.",CPRT,"$2,279.30"
"SIERRA HEALTH SERVICES, INC.",SIE,"$2,277.50"
HOVNANIAN ENTERPRISES INC,HOV,"$2,275.10"
POLARIS INDUSTRIES INC.,PII,"$2,274.00"
CARPENTER TECHNOLOGY CORPORATION,CRS,"$2,272.00"
"ESSEX PROPERTY TRUST, INC.",ESS,"$2,271.20"
"WESCO INTERNATIONAL, INC.",WCC,"$2,270.60"
"LENNOX INTERNATIONAL, INC.",LII,"$2,264.80"
KENNAMETAL INC.,KMT,"$2,255.10"
UGI CORPORATION,UGI,"$2,253.80"
HRPT PROPERTIES TRUST,HRP,"$2,251.80"
CRANE COMPANY,CR,"$2,248.10"
JETBLUE AIRWAYS CORPORATION,JBLU,"$2,246.70"
"NEUROCRINE BIOSCIENCES, INC.",NBIX,"$2,244.10"
WPS RESOURCES CORPORATION,WPS,"$2,242.90"
"RPM, INC.",RPM,"$2,235.10"
"COGENT, INC.",COGT,"$2,233.00"
"ADTRAN, INC.",ADTN,"$2,232.00"
"CNET NETWORKS, INC.",CNET,"$2,230.40"
SANMINA-SCI CORPORATION,SANM,"$2,229.40"
AGERE SYSTEMS INC,AGR,"$2,221.90"
COMPAGNIE GENERALE DE GEOPHYSIQUE,GGY,"$2,220.70"
"ALKERMES, INC.",ALKS,"$2,217.60"
TECHNE CORPORATION,TECH,"$2,210.00"
BENETTON GROUP SPA,BNG,"$2,194.40"
HOLLY CORPORATION,HOC,"$2,193.90"
BROOKDALE SENIOR LIVING INC.,BKD,"$2,190.40"
TRI CONTINENTAL CORPORATION,TY,"$2,183.30"
TRAVELERS PROPERTY CASUALTY CORPORATION,TPK,"$2,182.80"
"UNOVA, INC.",IN,"$2,180.40"
"BJ'S WHOLESALE CLUB, INC.",BJ,"$2,173.90"
CALAMOS STRATEGIC TOTAL RETURN,CSQ,"$2,169.40"
"PEDIATRIX MEDICAL GROUP, INC.",PDX,"$2,165.90"
"TELEPHONE AND DATA SYSTEMS, INC.",TDS,"$2,160.60"
PETROLEUM GEO-SERVICES ASA,PGS,"$2,159.40"
BELO CORPORATION,BLC,"$2,153.60"
TRIMBLE NAVIGATION LIMITED,TRMB,"$2,152.80"
FMC CORPORATION,FMC,"$2,142.20"
CRESCENT REAL ESTATE EQUITIES COMPANY,CEI,"$2,142.10"
CARRAMERICA REALTY CORPORATION,CRE,"$2,141.50"
MERRILL LYNCH BIOTECH HOLDRS,BBH,"$2,139.50"
"AMERICAN REAL ESTATE PARTNERS, L.P.",ACP,"$2,139.00"
"VALHI, INC.",VHI,"$2,132.90"
DEL MONTE FOODS COMPANY,DLM,"$2,132.70"
GREAT PLAINS ENERGY INC,GXP,"$2,131.00"
"RPC, INC.",RES,"$2,130.00"
CARLISLE COMPANIES INCORPORATED,CSL,"$2,124.40"
ATMOS ENERGY CORPORATION,ATO,"$2,124.30"
"HAWAIIAN ELECTRIC INDUSTRIES, INC.",HE,"$2,123.50"
CHARTERED SEMICONDUCTOR MANUFACTURING LTD.,CHRT,"$2,105.30"
"MSC INDUSTRIAL DIRECT COMPANY, INC.",MSM,"$2,102.70"
INTERACTIVE DATA CORPORATION,IDC,"$2,101.50"
SAN JUAN BASIN ROYALTY TRUST,SJT,"$2,101.10"
CAE INC,CGT,"$2,100.20"
R.H. DONNELLEY CORPORATION,RHD,"$2,092.40"
VECTREN CORPORATION,VVC,"$2,082.00"
SCP POOL CORPORATION,POOL,"$2,078.20"
"EAST WEST BANCORP, INC.",EWBC,"$2,076.30"
COLONIAL PROPERTIES TRUST,CLP,"$2,070.10"
"NORTHERN BORDER PARTNERS, L.P.",NBP,"$2,067.00"
JONES LANG LASALLE INCORPORATED,JLL,"$2,062.80"
ANTEON INTERNATIONAL CORPORATION,ANT,"$2,053.90"
SEABOARD CORPORATION,SEB,"$2,053.10"
CBRL GROUP INC.,CBRL,"$2,052.60"
WESTLAKE CHEMICAL CORPORATION,WLK,"$2,044.40"
ALBEMARLE CORPORATION,ALB,"$2,040.60"
"OVERSEAS SHIPHOLDING GROUP, INC.",OSG,"$2,034.70"
ASPEN INSURANCE HOLDINGS LIMITED,AHL,"$2,015.40"
"MANITOWOC COMPANY, INC.",MTW,"$2,011.80"
"CORN PRODUCTS INTERNATIONAL, INC.",CPO,"$2,011.10"
TRACTOR SUPPLY COMPANY,TSCO,"$2,009.00"
"OIL STATES INTERNATIONAL, INC.",OIS,"$2,006.40"
"FOUNDATION COAL HOLDINGS, INC.",FCL,"$2,002.80"
"STEEL DYNAMICS, INC.",STLD,"$2,000.80"
"FIRST INDUSTRIAL REALTY TRUST, INC.",FR,"$1,995.90"
"PALM, INC.",PALM,"$1,991.30"
"KOREA FUND, INC. (THE)",KF,"$1,987.60"
TELESP CELULAR PARTICIPACOES S.A.,TCP,"$1,985.20"
"ALEXANDRIA REAL ESTATE EQUITIES, INC.",ARE,"$1,984.70"
"METLIFE, INC.",MEU,"$1,980.00"
MICROSEMI CORPORATION,MSCC,"$1,973.90"
"APTARGROUP, INC.",ATR,"$1,972.90"
NATIONAL FINANCIAL PARTNERS CORPORATION,NFP,"$1,967.30"
WACOAL HOLDINGS CORPORATION,WACLY,"$1,966.20"
"NEUSTAR, INC.",NSR,"$1,963.90"
"CELESTICA, INC.",CLS,"$1,962.80"
COMPUCREDIT CORPORATION,CCRT,"$1,962.60"
"CARTER'S, INC.",CRI,"$1,960.90"
DR. REDDY'S LABORATORIES LTD,RDY,"$1,959.40"
COLUMBIA SPORTSWEAR COMPANY,COLM,"$1,954.90"
KILROY REALTY CORPORATION,KRC,"$1,954.90"
"SYBASE, INC.",SY,"$1,953.90"
REALTY INCOME CORPORATION,O,"$1,949.20"
"DILLARD'S, INC.",DDS,"$1,941.50"
COMPANIA DE TELECOMUNICACIONES DE CHILE S.A.,CTC,"$1,933.70"
FACTSET RESEARCH SYSTEMS INC.,FDS,"$1,930.20"
HEXCEL CORPORATION,HXL,"$1,927.70"
"CHENIERE ENERGY, INC.",LNG,"$1,916.50"
ASSURED GUARANTY LTD,AGO,"$1,916.00"
TORO COMPANY (THE),TTC,"$1,915.20"
"NUVEEN MUNICIPAL VALUE FUND, INC.",NUV,"$1,912.60"
"NFJ DIVIDEND, INTEREST & PREMIUM STRATEGY FUND",NFJ,"$1,911.40"
ATMEL CORPORATION,ATML,"$1,908.80"
FREMONT GENERAL CORPORATION,FMT,"$1,907.90"
ALLIANCE CAPITAL MANAGEMENT HOLDING L.P.,ACG,"$1,907.40"
VALERO LP,VLI,"$1,906.60"
LENNAR CORP,LEN/B,"$1,892.90"
SELECT SECTOR SPDR FUND - FINANCIAL,XLF,"$1,889.60"
ISHARES RUSSELL 3000 INDEX FUND,IWV,"$1,889.00"
"LINCOLN ELECTRIC HOLDINGS, INC.",LECO,"$1,871.30"
"JACK HENRY & ASSOCIATES, INC.",JKHY,"$1,867.90"
SBA COMMUNICATIONS CORPORATION,SBAC,"$1,864.20"
"SIMPSON MANUFACTURING COMPANY, INC.",SSD,"$1,863.50"
INTERNATIONAL BANCSHARES CORPORATION,IBOC,"$1,863.30"
COPENE-PETROQUIMICA DO NORDESTE,BAK,"$1,860.60"
TIMBERLAND COMPANY (THE),TBL,"$1,859.20"
ISHARES RUSSELL MIDCAP VALUE INDEX FUND,IWS,"$1,855.20"
STERIS CORPORATION,STE,"$1,845.80"
"FRIEDMAN, BILLINGS, RAMSEY GROUP, INC.",FBR,"$1,841.90"
"BEBE STORES, INC.",BEBE,"$1,840.50"
SELECT SECTOR SPDR FUND - HEALTH CARE,XLV,"$1,835.20"
"APPLEBEE'S INTERNATIONAL, INC.",APPB,"$1,828.50"
DOWNEY FINANCIAL CORPORATION,DSL,"$1,823.90"
"WORTHINGTON INDUSTRIES, INC.",WOR,"$1,821.80"
BRADY CORPORATION,BRC,"$1,815.20"
EATON VANCE CORPORATION,ETW,"$1,813.00"
NICOR INC.,GAS,"$1,806.80"
AKTIESELSKABET DAMPSKIBSSELSKABET TORM,TRMD,"$1,799.30"
"UNITED AUTO GROUP, INC.",UAG,"$1,794.50"
HOUSTON EXPLORATION COMPANY (THE),THX,"$1,794.20"
CATHAY GENERAL BANCORP,CATY,"$1,791.50"
ENCORE ACQUISITION COMPANY,EAC,"$1,784.80"
NCE PETROFUND,PTF,"$1,782.90"
"CONTINENTAL AIRLINES, INC.",CAL,"$1,778.40"
3COM CORPORATION,COMS,"$1,777.30"
REYNOLDS AND REYNOLDS COMPANY (THE),REY,"$1,771.30"
CLARCOR INC.,CLC,"$1,767.70"
"LIFEPOINT HOSPITALS, INC.",LPNT,"$1,761.30"
NUVEEN PREFERRED AND CONVERTIBLE INCOME FUND 2,JQC,"$1,761.20"
QIAGEN N.V.,QGEN,"$1,753.80"
"BISYS GROUP, INC. (THE)",BSG,"$1,750.50"
"KNIGHT TRANSPORTATION, INC.",KNX,"$1,741.10"
"LONE STAR TECHNOLOGIES, INC.",LSS,"$1,739.60"
SELECT SECTOR SPDR FUND - UTILITIES,XLU,"$1,738.80"
EATON VANCE LIMITED DURATION INCOME FUND,EVV,"$1,733.20"
NEKTAR THERAPEUTICS,NKTR,"$1,732.30"
"BAIDU.COM, INC.",BIDU,"$1,729.00"
WESTAMERICA BANCORPORATION,WABC,"$1,727.60"
"VERIPHONE HOLDINGS, INC.",PAY,"$1,726.90"
AMERCO,UHAL,"$1,724.10"
PIMCO HIGH INCOME FUND,PHK,"$1,721.90"
"SYBRON DENTAL SPECIALTIES, INC.",SYD,"$1,721.30"
MONTPELIER RE HOLDINGS LTD,MRH,"$1,721.10"
"HEARTLAND EXPRESS, INC.",HTLD,"$1,719.30"
GENERAL MOTORS CORPORATION SER B CONV SR DBS DUE 2032,GBM,"$1,718.10"
"WERNER ENTERPRISES, INC.",WERN,"$1,710.80"
GAMESTOP CORPORATION,GME,"$1,710.00"
"HIGHWOODS PROPERTIES, INC.",HIW,"$1,704.10"
LEAR CORPORATION,LEA,"$1,702.70"
ACUITY BRANDS INC,AYI,"$1,699.50"
PACIFIC CAPITAL BANCORP,PCBC,"$1,695.70"
"SKYWEST, INC.",SKYW,"$1,692.50"
HANOVER COMPRESSOR COMPANY,HC,"$1,689.60"
GRANITE CONSTRUCTION INCORPORATED,GVA,"$1,688.00"
UICI,UCI,"$1,685.00"
HERITAGE PROPERTY INVESTMENT TRUST INC,HTG,"$1,682.10"
"FIRST CITIZENS BANCSHARES, INC.",FCNCA,"$1,681.90"
"FOSSIL, INC.",FOSL,"$1,681.70"
BERRY PETROLEUM COMPANY,BRY,"$1,681.10"
CORRECTIONS CORPORATION OF AMERICA,CXW,"$1,680.00"
EATON VANCE TAX ADVANTAGED DIVIDEND INCOME FUND,EVT,"$1,679.60"
DYNEGY INC.,DYN,"$1,676.50"
HEALTHCARE REALTY TRUST INCORPORATED,HR,"$1,673.40"
"FLOWERS FOODS, INC.",FLO,"$1,672.70"
SONIC CORP.,SONC,"$1,672.60"
"NEWALLIANCE BANCSHARES, INC.",NAL,"$1,668.40"
"ARMOR HOLDINGS, INC.",AH,"$1,664.10"
DOMINO'S PIZZA INC,DPZ,"$1,662.40"
"RUBY TUESDAY, INC.",RI,"$1,661.60"
"WATSCO, INC.",WSO,"$1,660.60"
SAMSUNG,SSNLF,
MERITAGE CORPORATION,MTH,"$1,654.90"
ROSTELECOM,ROS,"$1,651.70"
"FLIR SYSTEMS, INC.",FLIR,"$1,644.20"
"BORDERS GROUP, INC.",BGP,"$1,643.90"
BEARINGPOINT INC,BE,"$1,637.60"
BRASIL TELECOM PARTICIPACOES S.A.,BRP,"$1,637.60"
"SELECTIVE INSURANCE GROUP, INC.",SIGI,"$1,636.50"
"NELNET, INC.",NNI,"$1,634.70"
"QUANTA SERVICES, INC.",PWR,"$1,634.40"
CONVERIUM HOLDING AG,CHR,"$1,634.10"
ISHARES SMALL CAP 600/BARRA VALUE INDEX FUND,IJS,"$1,631.50"
AGCO CORPORATION,AG,"$1,630.00"
MI DEVELOPMENTS INC,MIM,"$1,627.50"
"SYNIVERSE HOLDINGS, INC.",SVR,"$1,624.70"
DEVRY INC.,DV,"$1,622.30"
WASTE CONNECTIONS INC.,WCN,"$1,620.60"
PILGRIM'S PRIDE CORPORATION,PPC,"$1,620.00"
"MARVEL ENTERPRISES, INC.",MVL,"$1,617.50"
PAN AMERICAN SILVER CORP.,PAAS,"$1,616.70"
"UCBH HOLDINGS, INC.",UCBH,"$1,616.10"
"POWERWAVE TECHNOLOGIES, INC.",PWAV,"$1,615.90"
EATON VANCE TAX-ADVANTAGED GLOBAL DIVIDEND INCOME FU,ETG,"$1,609.20"
"FLORIDA EAST COAST INDUSTRIES, INC.",FLA,"$1,608.30"
"EGL, INC.",EPP,"$1,608.10"
ISHARES COHEN & STEERS REALTY MAJORS INDEX FUND,ICF,"$1,603.60"
ISHARES NASDAQ BIOTECHNOLOGY INDEX FUND,IBB,"$1,601.90"
"COMPANIA CERVECERIAS UNIDAS, S.A.",CU,"$1,595.70"
"CONEXANT SYSTEMS, INC.",CNXT,"$1,594.80"
BROOKFIELD HOMES CORP,BHS,"$1,594.40"
PRO-ASSURANCE CORPORATION,PRA,"$1,591.80"
"OCEANEERING INTERNATIONAL, INC.",OII,"$1,587.60"
TRUSTMARK CORPORATION,TRMK,"$1,580.40"
COUSINS PROPERTIES INCORPORATED,CUZ,"$1,578.20"
"VERITAS DGC, INC.",VTS,"$1,574.10"
ISHARES S&P MIDCAP 400/BARRA GROWTH INDEX FUND,IJK,"$1,573.10"
"UNITED BANKSHARES, INC.",UBSI,"$1,570.90"
ISHARES RUSSELL MIDCAP INDEX FUND,IWR,"$1,566.90"
"READER'S DIGEST ASSOCIATION, INC. (THE)",RDA,"$1,565.60"
GEMPLUS INTERNATIONAL S.A.,GEMP,"$1,563.30"
GABELLI DIVIDEND,GDV,"$1,562.70"
PARK NATIONAL CORPORATION,IT,"$1,562.10"
PARK NATIONAL CORPORATION,PRK,"$1,559.50"
"MEDAREX, INC.",MEDX,"$1,556.70"
QUANEX CORPORATION,NX,"$1,555.60"
RITCHIE BROS. AUCTIONEERS INCORPORATED,RBA,"$1,547.40"
"NATIONWIDE HEALTH PROPERTIES, INC.",NHP,"$1,545.10"
"MORNINGSTAR, INC.",MORN,"$1,541.80"
"INTERNATIONAL COAL GROUP, INC.",ICO,"$1,541.50"
"ANNALY MORTGAGE MANAGEMENT, INC.",NLY,"$1,537.40"
KRONOS WORLDWIDE INC,KRO,"$1,537.00"
ING CLARION GLOBAL REAL ESTATE INCOME FUND,IGR,"$1,535.60"
PHH CORP,PHH,"$1,534.70"
"BENCHMARK ELECTRONICS, INC.",BHE,"$1,533.90"
PHILLIPS-VAN HEUSEN CORPORATION,PVH,"$1,529.50"
BOWATER INCORPORATED,BOW,"$1,528.90"
TOMMY HILFIGER USA INC,TOM,"$1,525.90"
WASHINGTON GAS LIGHT COMPANY,WGL,"$1,520.40"
"ALPHA NATURAL RESOURCES, INC.",ANR,"$1,515.80"
BP PRUDHOE BAY ROYALTY TRUST,BPT,"$1,514.70"
"CEDAR FAIR, L.P.",FUN,"$1,514.20"
WESTINGHOUSE AIR BRAKE TECHNOLOGIES CORPORATION,MXRE,"$1,514.00"
WESTINGHOUSE AIR BRAKE TECHNOLOGIES CORPORATION,WAB,"$1,512.70"
GFI GROUP INC.,GFIG,"$1,512.60"
POTLATCH CORPORATION,PCH,"$1,504.30"
"NETFLIX, INC.",NFLX,"$1,498.00"
ABERDEEN ASIA-PACIFIC INCOME FUND INC,FAX,"$1,496.20"
"ATWOOD OCEANICS, INC.",ATW,"$1,496.00"
UNITED THERAPEUTICS CORPORATION,UTHR,"$1,494.80"
NATIONAL AUSTRALIA BANK LIMITED,NAU,"$1,494.20"
"AIRTRAN HOLDINGS, INC.",AAI,"$1,487.60"
"TALBOTS, INC. (THE)",TLB,"$1,483.70"
NORDSON CORPORATION,NDSN,"$1,483.20"
"ENERGY CONVERSION DEVICES, INC.",ENER,"$1,481.90"
"CHARMING SHOPPES, INC.",CHRS,"$1,474.30"
OLIN CORPORATION,OLN,"$1,474.00"
"ROLLINS, INC.",ROL,"$1,468.00"
"OREGON STEEL MILLS, INC.",OS,"$1,466.70"
"ZYMOGENETICS, INC.",ZGEN,"$1,464.20"
VAN KAMPEN SENIOR INCOME TRUST,VVR,"$1,461.70"
"KCS ENERGY, INC.",KCS,"$1,459.50"
MINE SAFETY APPLIANCES COMPANY,MSA,"$1,458.90"
PERRIGO COMPANY,PRGO,"$1,458.20"
"VENTANA MEDICAL SYSTEMS, INC.",VMSI,"$1,457.10"
BANCOLOMBIA S.A.,CIB,"$1,452.90"
UMB FINANCIAL CORPORATION,UMBF,"$1,451.20"
CITADEL BROADCASTING CORPORATION,CDL,"$1,437.60"
"MODIS PROFESSIONAL SERVICES, INC.",MPS,"$1,437.40"
SOCIEDAD QUIMICA Y MINERA S.A.,SQM,"$1,436.00"
"PHOENIX COMPANIES, INC. (THE)",PNX,"$1,435.10"
KIRBY CORPORATION,KEX,"$1,433.30"
"UNIVERSAL COMPRESSION HOLDINGS, INC.",UCO,"$1,431.60"
SADIA S.A.,SDA,"$1,431.40"
"ENTEGRIS, INC.",ENTG,"$1,428.50"
PEOPLES ENERGY CORPORATION,PGL,"$1,425.30"
SWIFT ENERGY COMPANY,SFY,"$1,418.70"
OLD NATIONAL BANCORP CAPITAL TRUST I,ONB,"$1,417.80"
SELECT SECTOR SPDR FUND - TECHNOLOGY,XLK,"$1,415.50"
EAGLE MATERIALS INC,EXP,"$1,415.00"
"SUNSTONE HOTEL INVESTORS, INC.",SHO,"$1,412.80"
W HOLDING COMPANY INCORPORATED,WHI,"$1,412.60"
"SILGAN HOLDINGS, INC.",SLGN,"$1,408.60"
LANCASTER COLONY CORPORATION,LANC,"$1,407.90"
SEMTECH CORPORATION,SMTC,"$1,404.40"
"ANSYS, INC.",ANSS,"$1,401.30"
RLI CORPORATION,RLI,"$1,396.40"
"DRS TECHNOLOGIES, INC.",DRS,"$1,395.80"
21ST CENTURY INSURANCE GROUP,TW,"$1,394.00"
INTERDIGITAL COMMUNICATIONS CORP.,IDCC,"$1,392.60"
"HILB, ROGAL AND HAMILTON COMPANY",HRH,"$1,392.20"
"NBTY, INC.",NTY,"$1,390.20"
IAMGOLD CORPORATION,IAG,"$1,387.90"
JACK IN THE BOX INC.,JBX,"$1,385.80"
COGNEX CORPORATION,CGNX,"$1,380.20"
"ALLIANCE RESOURCE PARTNERS, L.P.",ARLP,"$1,377.90"
"TETRA TECHNOLOGIES, INC.",TTI,"$1,376.90"
HAEMONETICS CORPORATION,HAE,"$1,376.70"
INTRAWEST CORPORATION,IDR,"$1,371.00"
INTRAWEST CORPORATION,IDR,"$1,371.00"
ROTO-ROOTER INC,CHE,"$1,369.00"
"NU SKIN ENTERPRISES, INC.",NUS,"$1,367.90"
"WOLVERINE WORLD WIDE, INC.",WWW,"$1,367.70"
"DELPHI FINANCIAL GROUP, INC.",DFG,"$1,366.30"
AQUILA INC,ILA,"$1,362.90"
"LEE ENTERPRISES, INCORPORATED",LEE,"$1,362.90"
ALFA CORPORATION,ALFA,"$1,361.70"
REMINGTON OIL AND GAS CORPORATION,REM,"$1,360.20"
DELUXE CORPORATION,DLX,"$1,357.70"
"PINNACLE ENTERTAINMENT, INC.",PNK,"$1,353.80"
"COMSTOCK RESOURCES, INC.",CRK,"$1,352.00"
TECHNICAL OLYMPIC USA INC,TOA,"$1,351.50"
SHIP FINANCE INTERNATIONAL,SFL,"$1,349.20"
LAZARD LTD.,LAZ,"$1,344.80"
"IDACORP, INC.",IDA,"$1,339.90"
"UNITED NATURAL FOODS, INC.",UNFI,"$1,339.60"
DICK'S SPORTING GOODS INC,DKS,"$1,338.40"
"FRESH DEL MONTE PRODUCE, INC.",FDP,"$1,333.60"
BEVERLY ENTERPRISES. INC.,BEV,"$1,332.50"
TUPPERWARE CORPORATION,TUP,"$1,332.40"
"ALLETE, INC.",ALE,"$1,332.20"
EAGLE MATERIALS INC,EXP/B,"$1,331.00"
"VALASSIS COMMUNICATIONS, INC.",VCI,"$1,327.60"
WELLS FARGO CAP IX,WSF,"$1,325.00"
HERCULES INCORPORATED,HPC,"$1,320.40"
STILLWATER MINING COMPANY,SWC,"$1,318.20"
BRASIL TELECOM PARTICIPACOES S.A.,BTM,"$1,316.50"
LONGS DRUG STORES CORPORATION,LDG,"$1,310.80"
GREATER BAY BANCORP,GBBK,"$1,309.10"
ISHARES SMALL CAP 600/BARRA GROWTH INDEX FUND,IJT,"$1,302.30"
"MULTI-FINELINE ELECTRONIX, INC.",MFLX,"$1,301.90"
COHEN & STEERS REIT AND PREFERRED INCOME FUND INC,RNP,"$1,301.80"
EXXON MOBIL CORPORATION, ,"$384,845.80"
GENERAL ELECTRIC COMPANY,GE,"$346,042.10"
MICROSOFT CORPORATION,MSFT,"$299,647.60"
BP P.L.C.,BP,"$248,469.70"
"CITIGROUP, INC.",C,"$231,977.70"
"WAL-MART STORES, INC.",WMT,"$191,978.50"
"PFIZER, INC.",PFE,"$189,297.40"
"HSBC HOLDINGS, PLC.",HBC,"$188,804.60"
TOYOTA MOTOR CORPORATION,TM,"$187,196.40"
JOHNSON & JOHNSON,JNJ,"$179,515.80"
BANK OF AMERICA CORPORATION,BAC,"$176,906.20"
"AMERICAN INTERNATIONAL GROUP, INC.",AIG,"$169,908.50"
NOVARTIS AG,NVS,"$151,092.70"
ALTRIA GROUP,MO,"$150,638.60"
GLAXOSMITHKLINE PLC,GSK,"$149,062.80"
J.P. MORGAN CHASE & CO.,JPM,"$138,596.30"
CHEVRONTEXACO CORPORATION,CVX,"$133,307.10"
SANOFI-AVENTIS SA,SNY,"$128,920.20"
VODAFONE AIRTOUCH PUBLIC LIMITED COMPANY,VOD,"$128,885.40"
INTEL CORPORATION,INTC,"$128,146.40"
INTERNATIONAL BUSINESS MACHINES CORPORATION,IBM,"$127,641.00"
ENI S.P.A.,E,"$121,462.50"
"CISCO SYSTEMS, INC.",CSCO,"$114,067.10"
UBS AG,UBS,"$110,546.60"
WELLS FARGO CAP IX,WFC,"$104,281.10"
AT&T INC.,T,"$101,549.80"
"PEPSICO, INC.",PEP,"$94,976.00"
VERIZON COMMUNICATIONS INC.,VZ,"$92,763.80"
CONOCOPHILLIPS,COP,"$92,112.70"
"GENENTECH, INC.",DNA,"$90,603.70"
AMGEN INC.,AMGN,"$89,969.60"
HEWLETT-PACKARD COMPANY,HPQ,"$87,958.60"
GOOGLE INC.,GOOG,"$86,317.00"
WACHOVIA CORPORATION,WB,"$85,370.30"
NOKIA CORPORATION,NOK,"$81,494.80"
UNITEDHEALTH GROUP INCORPORATED,UNH,"$81,108.30"
QUALCOMM INCORPORATED,QCOM,"$78,855.30"
"ING GROUP, N.V.",ING,"$78,822.70"
NTT DOCOMO INC,DCM,"$77,676.50"
E.ON AG,EON,"$77,504.80"
ASTRAZENECA PLC,AZN,"$76,838.50"
"MERCK & COMPANY, INC.",MRK,"$75,438.80"
SCHLUMBERGER N.V.,SLB,"$75,079.30"
TELEFONICA SA,TEF,"$75,014.40"
BHP BILLITON LIMITED,BHP,"$70,814.20"
CREDIT SUISSE GROUP,CSR,"$70,042.90"
BARCLAYS PLC,BCS,"$69,336.30"
DELL INC.,DELL,"$68,981.70"
"MERRILL LYNCH & CO., INC.",MER,"$68,778.10"
BANCO BILBAO VISCAYA ARGENTARIA S.A.,BBV,"$68,630.80"
"MEDTRONIC, INC.",MDT,"$68,305.80"
ABBOTT LABORATORIES,ABT,"$66,935.50"
DEUTSCHE TELEKOM AG,DT,"$66,534.40"
AMERICAN EXPRESS COMPANY,AXP,"$65,090.50"
MORGAN STANLEY,MS,"$64,994.30"
"SAP AKTIENGESELLSCHAFT SYSTEME, ANWENDUNGEN, PRODUKT",SAP,"$64,993.50"
SPRINT  NEXTEL CORPORATION,S,"$64,848.10"
ORACLE CORPORATION,ORCL,"$64,758.40"
ELI LILLY AND COMPANY,LLY,"$64,355.90"
ALLIANZ AKTIENGESELLSCHAFT,AZ,"$64,122.00"
"APPLE COMPUTER, INC.",AAPL,"$63,637.40"
AXA,AXA,"$63,391.30"
EBAY INC.,EBAY,"$60,269.70"
PETROLEO BRASILEIRO S.A.- PETROBRAS,PBR,"$59,929.00"
FRANCE TELECOM S.A.,FTE,"$59,248.60"
DEUTSCHE BANK AG,DB,"$58,039.10"
3M COMPANY,MMM,"$54,892.60"
SPDR TRUST SERIES I,SPY,"$54,770.60"
RIO TINTO PLC,RTP,"$54,672.70"
U.S. BANCORP,USB,"$54,326.90"
TAIWAN SEMICONDUCTOR MANUFACTURING COMPANY LIMITED,TSM,"$53,411.10"
"MATSUSHITA ELECTRIC INDUSTRIAL COMPANY, LTD.",MC,"$53,403.00"
ABN AMRO HOLDING N.V.,ABN,"$52,842.50"
"HONDA MOTOR COMPANY, LTD.",HMC,"$52,826.80"
ENEL S.P.A.,EN,"$52,286.60"
STRUCTURED PRODUCTS CORP.,BLS,"$51,670.90"
LLOYDS TSB GROUP PLC,LYG,"$51,544.10"
"NISSAN MOTOR CO., LTD.",NSANY,"$50,519.00"
ROYAL BANK OF CANADA,RY,"$50,481.70"
"LOWE'S COMPANIES, INC.",LOW,"$49,691.00"
MANULIFE FINANCIAL CORP,MFC,"$48,275.90"
TARGET CORPORATION,TGT,"$48,135.30"
TELEFONICA MOVILES S.A.,TEM,"$47,852.60"
"UNITED PARCEL SERVICE, INC.",UPS,"$47,629.80"
TEXAS INSTRUMENTS INCORPORATED,TXN,"$47,295.70"
MDU RES GROUP INC,MDU,"$4,339.10"
COMP EN DE MN CEMIG ADS,CIG,"$4,332.10"
TOMKINS PLC,TKS,"$4,254.50"
ISHARES LEHMAN 1-3 YEAR TREASURY BOND FUND,SHY,"$4,232.30"
GTECH HOLDINGS CORPORATION,GTK,"$4,225.90"
DENTSPLY INTERNATIONAL INC.,XRAY,"$4,222.40"
PINNACLE WEST CAPITAL CORPORATION,PNW,"$4,218.40"
"TRANSATLANTIC HOLDINGS, INC.",TRH,"$4,169.90"
PRECISION DRILLING CORPORATION,PDS,"$4,169.60"
LAMAR ADVERTISING COMPANY,LAMR,"$4,144.50"
"ADVANCED SEMICONDUCTOR ENGINEERING, INC.",ASX,"$4,144.00"
MAKITA CORP.,MKTAY,"$4,124.90"
"ROSS STORES, INC.",ROST,"$4,124.00"
"CEPHALON, INC.",CEPH,"$4,118.70"
"ARROW ELECTRONICS, INC.",ARW,"$4,108.30"
"AUTOLIV, INC.",ALV,"$4,100.50"
NAVTEQ CORP,NVT,"$4,097.40"
CITIZENS COMMUNICATIONS COMPANY,CZN,"$4,096.90"
SEI INVESTMENTS COMPANY,SEIC,"$4,093.50"
TRANSALTA CORPORATION,TAC,"$4,090.30"
ISHARES S&P SMALLCAP 600 INDEX FUND,IJR,"$4,085.10"
"HELMERICH & PAYNE, INC.",HP,"$4,083.30"
ALBERTO-CULVER COMPANY,ACV,"$4,081.60"
AMR CORPORATION,AMR,"$4,077.90"
APARTMENT INVESTMENT AND MANAGEMENT COMPANY,AIV,"$4,069.30"
"HENRY SCHEIN, INC.",HSIC,"$4,065.40"
DISCOVERY HOLDING CO,DISCA,"$4,064.30"
ENERGY TRANSFER PARTNERS,ETP,"$4,063.30"
ISTAR FINANCIAL INC.,SFI,"$4,059.30"
GLOBAL PAYMENTS INC.,GPN,"$4,034.80"
BOYD GAMING CORPORATION,BYD,"$4,033.60"
"BROWN & BROWN, INC.",BRO,"$3,993.60"
ARCH CAPITAL GROUP LTD.,ACGL,"$3,957.70"
AMERICREDIT CORPORATION,ACF,"$3,934.10"
EASTMAN CHEMICAL COMPANY,EMN,"$3,933.90"
"MARTIN MARIETTA MATERIALS, INC.",MLM,"$3,930.70"
"NOVELLUS SYSTEMS, INC.",NVLS,"$3,929.30"
"DST SYSTEMS, INC.",DST,"$3,909.50"
"NRG ENERGY, INC.",NRG,"$3,895.50"
"NETWORKS ASSOCIATES, INC.",MFE,"$3,890.50"
ALLIED CAPITAL CORPORATION,ALD,"$3,886.10"
"PENTAIR, INC.",PNR,"$3,885.40"
"BUNZL, PLC",BNL,"$3,881.80"
RANGE RESOURCES CORPORATION,RRC,"$3,874.60"
MOLSON COORS BREWING  COMPANY,TAP,"$3,844.90"
"COMPANIA MINA BUENAVENTURA, S.A.",BVN,"$3,810.00"
VERTEX PHARMACEUTICALS INCORPORATED,VRTX,"$3,781.60"
"HASBRO, INC.",HAS,"$3,781.00"
"NOVELL, INC.",NOVL,"$3,780.20"
"HEALTH CARE PROPERTY INVESTORS, INC.",HCP,"$3,770.10"
LOGITECH INTERNATIONAL S.A.,LOGI,"$3,760.50"
EATON VANCE CORPORATION,EV,"$3,724.80"
"LIZ CLAIBORNE, INC.",LIZ,"$3,702.80"
"BECKMAN COULTER, INC.",BEC,"$3,700.90"
CHOICEPOINT INC.,CPS,"$3,687.70"
"CONSECO, INC.",CNO,"$3,686.60"
CITY NATIONAL CORPORATION,CYN,"$3,685.50"
"J.B. HUNT TRANSPORT SERVICES, INC.",JBHT,"$3,680.90"
"MERRILL LYNCH & CO., INC.",BDM,"$3,679.40"
"O'REILLY AUTOMOTIVE, INC.",ORLY,"$3,678.40"
ENERGY EAST CORPORATION,EAS,"$3,670.40"
"WATSON PHARMACEUTICALS, INC.",WPI,"$3,666.90"
"JONES APPAREL GROUP, INC.",JNY,"$3,654.30"
TRIZEC PROPERTIES INC,TRZ,"$3,637.80"
BRUNSWICK CORPORATION,BC,"$3,626.00"
OSHKOSH TRUCK CORPORATION,OSK,"$3,623.90"
"TYSON FOODS, INC.",TSN,"$3,623.70"
BAUSCH & LOMB INCORPORATED,BOL,"$3,622.00"
WESTCORP,WES,"$3,616.90"
BIOVAIL CORPORATION,BVF,"$3,614.70"
"A.G. EDWARDS, INC.",AGE,"$3,602.10"
PALL CORPORATION,PLL,"$3,587.90"
"MCCORMICK & COMPANY, INCORPORATED",MKC,"$3,570.10"
"AVNET, INC.",AVT,"$3,568.70"
SL GREEN REALTY CORPORATION,SLG,"$3,568.00"
"FMC TECHNOLOGIES, INC.",FTI,"$3,567.90"
"VENATOR GROUP, INC.",FL,"$3,545.60"
"FLORIDA ROCK INDUSTRIES, INC.",FRK,"$3,544.60"
"TRIAD HOSPITALS, INC.",TRI,"$3,536.80"
FEDERAL REALTY INVESTMENT TRUST,FRT,"$3,524.30"
PLAINS EXPLORATION & PRODUCTION COMPANY,PXP,"$3,515.50"
"BRINKER INTERNATIONAL, INC.",EAT,"$3,500.30"
PARTNERRE LTD.,PRE,"$3,491.20"
ISHARES LEHMAN TIPS BOND FUND,TIP,"$3,486.60"
POLO RALPH LAUREN CORPORATION,RL,"$3,485.90"
"CATERPILLAR, INC.",CAT,"$46,186.10"
LEHMAN ABS CORPORATION,BMY,"$44,589.10"
"KONINKLIJKE PHILIPS ELECTRONICS, N.V.",PHG,"$44,312.10"
MCDONALD'S CORPORATION,MCD,"$44,062.60"
DIAGEO PLC,DEO,"$43,017.90"
"AMERICA MOVIL, S.A. DE C.V.",AMX,"$41,854.50"
"WASHINGTON MUTUAL, INC.",WM,"$41,503.60"
NATIONAL AUSTRALIA BANK LIMITED,NAB,"$41,326.70"
HALLIBURTON COMPANY,HAL,"$40,832.30"
DOW CHEMICAL COMPANY (THE),DOW,"$40,824.70"
OCCIDENTAL PETROLEUM CORPORATION,OXY,"$39,295.40"
ALCON INC,ACL,"$39,244.30"
VALERO ENERGY CORPORATION,VLO,"$38,623.40"
CIA VALE DO RIO DOCE,RIO,"$38,449.90"
NOMURA HOLDINGS INC ADR,NMR,"$38,355.10"
EXELON CORP,EXC,"$38,312.10"
PRUDENTIAL FINANCIAL INC,PRU,"$38,046.70"
"METLIFE, INC.",MET,"$37,985.00"
COMCAST CORPORATION,CMCSA,"$37,907.90"
CORNING INCORPORATED,GLW,"$37,114.60"
SUNCOR ENERGY  INC.,SU,"$36,617.80"
VIVENDI UNIVERSAL,V,"$36,115.40"
E.I. DU PONT DE NEMOURS AND COMPANY,DD,"$35,993.50"
AUSTRALIA & NEW ZEALAND BANKING GROUP LIMITED,ANZ,"$34,934.70"
BURLINGTON RESOURCES INC.,BR,"$34,255.40"
CANADIAN NATURAL RESOURCES LIMITED,CNQ,"$33,253.60"
REPSOL YPF S.A.,REP,"$33,219.70"
CARNIVAL CORPORATION,CCL,"$32,977.20"
HONEYWELL INTERNATIONAL INC.,HON,"$32,378.80"
"ANHEUSER-BUSCH COMPANIES, INC.",BUD,"$32,171.30"
EMC CORPORATION,EMC,"$31,947.60"
NORSK HYDRO ASA,NHY,"$31,908.30"
EMERSON ELECTRIC COMPANY,EMR,"$31,846.30"
"APPLIED MATERIALS, INC.",AMAT,"$30,908.40"
"CARDINAL HEALTH, INC.",CAH,"$30,849.60"
FEDEX CORPORATION,FDX,"$30,737.70"
BAYER AKTIENGESELLSCHAFT,BAY,"$30,535.60"
UNILEVER PLC,UL,"$30,423.30"
DEVON ENERGY CORPORATION,DVN,"$30,305.70"
ENDESA S.A.,ELE,"$30,238.00"
BANK OF MONTREAL,BMO,"$30,003.40"
GROUPE DANONE,DA,"$29,673.60"
LOCKHEED MARTIN CORPORATION,LMT,"$29,218.00"
KOREA ELECTRIC POWER CORPORATION,KEP,"$29,152.80"
COLGATE-PALMOLIVE COMPANY,CL,"$28,436.00"
SCHERING-PLOUGH CORP,SGP,"$28,322.90"
MARATHON OIL CORPORATION,MRO,"$28,171.20"
"NATIONAL GRID TRANSCO, PLC",NGG,"$27,995.40"
"GILEAD SCIENCES, INC.",GILD,"$27,873.50"
SASOL LTD.,SSL,"$27,699.00"
AETNA INC.,AET,"$27,685.90"
ALCOA INC.,AA,"$27,413.50"
TEVA PHARMACEUTICAL INDUSTRIES LIMITED,TEVA,"$26,839.80"
KOOKMIN BANK,KB,"$26,822.90"
TRANSOCEAN INC.,RIG,"$26,786.20"
KIMBERLY-CLARK CORPORATION,KMB,"$26,685.80"
BAKER HUGHES INCORPORATED,BHI,"$26,472.40"
DUKE ENERGY CORPORATION,DUK,"$26,296.50"
"DOMINION RESOURCES, INC.",D,"$26,229.80"
"SUNTRUST BANKS, INC.",STI,"$25,863.80"
AEGON N.V.,AEG,"$25,807.50"
"FRANKLIN RESOURCES, INC.",BEN,"$25,427.20"
"AUTOMATIC DATA PROCESSING, INC.",ADP,"$25,335.80"
APACHE CORPORATION,APA,"$24,871.60"
"BEST BUY CO., INC.",BBY,"$24,819.70"
PETRO-CANADA,PCZ,"$24,691.30"
SUN LIFE FINANCIAL INCORPORATED,SLF,"$24,611.10"
GUIDANT CORPORATION,GDT,"$24,570.30"
PRUDENTIAL PUBLIC LIMITED COMPANY,PUK,"$24,556.40"
CEMEX SA DE CV A ADS,CX,"$24,503.70"
STARBUCKS CORPORATION,SBUX,"$24,372.70"
CANADIAN NATIONAL RAILWAY COMPANY,CNI,"$24,258.00"
ADOBE SYSTEMS INCORPORATED,ADBE,"$23,749.90"
ILLINOIS TOOL WORKS INC.,ITW,"$23,643.60"
COSTCO WHOLESALE CORPORATION,COST,"$23,553.00"
AFLAC INCORPORATED,AFL,"$23,492.30"
UNION PACIFIC CORPORATION,UNP,"$23,436.60"
CANADIAN IMPERIAL BANK OF COMMERCE,BCM,"$23,399.10"
SLM CORPORATION,SLM,"$23,352.80"
THOMSON CORP,TOC,"$23,307.70"
ORIX CORP ADS,IX,"$23,302.30"
GENERAL DYNAMICS CORPORATION,GD,"$23,293.20"
BAXTER INTERNATIONAL INC.,BAX,"$22,980.50"
"MITSUI & COMPANY, LTD.",MITSY,"$22,873.50"
CVS CORPORATION,CVS,"$22,602.10"
"BCE, INC.",BCE,"$22,450.40"
LIBERTY MEDIA CORPORATION,L,"$22,417.50"
CAPITAL ONE FINANCIAL CORPORATION,COF,"$22,208.70"
"CAREMARK RX, INC.",CMX,"$22,173.50"
COMCAST CORPORATION,CMCSK,"$22,160.50"
NORTHROP GRUMMAN CORPORATION,NOC,"$22,074.90"
GOLDEN WEST FINANCIAL CORPORATION,GDW,"$21,753.90"
NORFOLK SOUTHER CORPORATION,NSC,"$21,296.60"
NATIONAL CITY CORPORATION,NCC,"$21,166.70"
YPF SOCIEDAD ANONIMA,YPF,"$21,107.70"
WIPRO LIMITED,WIT,"$21,061.60"
ISHARES MSCI EAFE INDEX FUND,EFA,"$20,994.20"
ROYAL KPN N.V.,KPN,"$20,932.70"
FIFTH THIRD BANCORP,FITB,"$20,845.90"
VIVENDI ENVIRONNEMENT ORD,VE,"$20,752.90"
INFOSYS TECHNOLOGIES LIMITED,INFY,"$20,622.90"
ARCHER-DANIELS-MIDLAND COMPANY,ADM,"$20,575.10"
HCA INC.,HCA,"$20,490.90"
"EOG RESOURCES, INC.",EOG,"$20,423.30"
STRYKER CORPORATION,SYK,"$20,208.90"
"POHANG IRON & STEEL CO., LTD.",PKX,"$20,014.60"
STRUCTURED PRODUCTS INC 8% CORTS,CFC,"$19,995.20"
STATE STREET CORP,STT,"$19,993.50"
"ALLIED IRISH BANKS, P.L.C.",AIB,"$19,601.50"
BANCO BRADESCO SA,BBD,"$19,568.20"
"MARVELL TECHNOLOGY GROUP, LTD.",MRVL,"$19,450.00"
SEARS HOLDINGS CORPORATION,SHLD,"$19,438.10"
THE DIRECTV GROUP INC,DTV,"$19,236.20"
TENARIS S.A.,TS,"$19,177.90"
ALCATEL,ALA,"$19,137.10"
SCOTTISH POWER PLS,SPI,"$19,060.00"
SYSCO CORPORATION,SYY,"$19,030.80"
PNC BANK CORP.,PNC,"$19,004.00"
SWISSCOM AG,SCM,"$18,893.70"
"ADVANCED MICRO DEVICES, INC.",AMD,"$18,794.20"
MOODY'S CORPORATION,MCO,"$18,704.70"
"SIMON PROPERTY GROUP, INC.",SPG,"$18,608.30"
"AMAZON.COM, INC.",AMZN,"$18,576.70"
LAFARGE S.A.,LR,"$18,499.50"
TELSTRA CORPORATION LIMITED,TLS,"$18,399.00"
LOEWS CORPORATION,LTR,"$18,331.40"
LAS VEGAS SANDS CORP.,LVS,"$18,186.20"
"ALCAN, INC.",AL,"$18,086.00"
CHUNGHWA TELECOM CO LTD,CHT,"$17,964.10"
BOSTON SCIENTIFIC CORPORATION,BSX,"$17,941.10"
"FUJI PHOTO FILM CO., LTD.",FUJIY,"$17,842.10"
KELLOGG COMPANY,K,"$17,770.70"
ACE LIMITED,ACE,"$17,647.50"
"WASTE MANAGEMENT, INC.",WMI,"$17,427.00"
"GENERAL MILLS, INC.",GIS,"$17,314.00"
DANAHER CORPORATION,DHR,"$17,307.50"
"SK TELECOM CORPORATION, LTD.",SKM,"$17,203.40"
CENDANT CORPORATION,CD,"$17,148.10"
"PRAXAIR, INC.",PX,"$16,979.00"
WEYERHAEUSER COMPANY,WY,"$16,968.30"
DEERE & COMPANY,DE,"$16,871.90"
NOVO NORDISK A/S,NVO,"$16,796.10"
STMICROELECTRONICS N.V.,STM,"$16,728.70"
PUBLIC SERVICE ENTERPRISE GROUP INCORPORATED,PEG,"$16,659.80"
MEDCOHEALTH SOLUTIONS INC,MHS,"$16,638.80"
"MARSH & MCLENNAN COMPANIES, INC.",MMC,"$16,553.40"
FIRSTENERGY CORPORATION,FE,"$16,524.80"
LG.PHILIPS,LPL,"$16,352.20"
MCKESSON CORPORATION,MCK,"$16,306.60"
PHELPS DODGE CORPORATION,PD,"$16,298.80"
ANGLOGOLD ASHANTI LTD.,AU,"$16,214.70"
"BECTON, DICKINSON AND COMPANY",BDX,"$16,088.80"
INTERNATIONAL PAPER COMPANY,IP,"$16,005.00"
"BRITISH SKY BROADCASTING GROUP, PLC",BSY,"$15,955.30"
WOORI FINANCE HOLDINGS CO LTD,WF,"$15,894.70"
"COMPUTER ASSOCIATES INTERNATIONAL, INC.",CA,"$15,857.20"
"CLEAR CHANNEL COMMUNICATIONS, INC.",CCU,"$15,821.10"
"NIKE, INC.",NKE,"$15,671.20"
"SUN MICROSYSTEMS, INC.",SUNW,"$15,364.10"
FORD MOTOR CREDIT COMPANY,F,"$15,330.40"
KOHL'S CORPORATION,KSS,"$15,303.60"
SHINHAN FINANCIAL GROUP CO LTD,SHG,"$15,300.50"
CIGNA CORPORATION,CI,"$15,294.80"
"TRANSCANANDA PIPELINES, LTD.",TRP,"$15,226.10"
BIOGEN IDEC INC,BIIB,"$15,188.60"
REGIONS FINANCING TR I,RF,"$15,141.60"
"GANNETT CO., INC.",GCI,"$14,825.30"
OMNICOM GROUP INC.,OMC,"$14,747.60"
MELLON FINANCIAL CORPORATION,MEL,"$14,747.30"
"HARLEY-DAVIDSON, INC.",HDI,"$14,700.20"
"AMERICAN ELECTRIC POWER COMPANY, INC.",AEP,"$14,692.30"
CHICAGO MERCANTILE EXCHANGE HOLDINGS,CME,"$14,591.50"
"ANALOG DEVICES, INC.",ADI,"$14,588.90"
"AGILENT TECHNOLOGIES, INC.",A,"$14,539.30"
ENTERGY CORPORATION,ETR,"$14,421.90"
KEYCORP,KEY,"$14,390.40"
WOLSELEY PLC,WOS,"$14,377.90"
"BEAR STEARNS COMPANIES, INC (THE)",BSC,"$14,329.70"
SANTA FE INTERNATIONAL CORPORATION,GSF,"$14,327.40"
EDISON INTERNATIONAL,EIX,"$14,277.00"
"YUM! BRANDS, INC.",YUM,"$14,003.10"
PACIFIC GAS & ELECTRIC CO.,PCG,"$13,982.10"
ICICI BANK LIMITED,IBN,"$13,970.80"
"P.T. TELEKOMUNIKASI INDONESIA, TBK.",TLK,"$13,950.70"
MARRIOT INTERNATIONAL,MAR,"$13,885.80"
SARA LEE CORPORATION,SLE,"$13,884.40"
AKZO NOBEL N.V.,AKZOY,"$13,852.40"
CAMECO CORPORATION,CCJ,"$13,797.50"
"PAYCHEX, INC.",PAYX,"$13,776.20"
"AIR PRODUCTS AND CHEMICALS, INC.",APD,"$13,711.40"
"COACH, INC.",COH,"$13,663.40"
GENERAL MOTORS CORPORATION,GM,"$13,606.40"
SYNGENTA AG,SYT,"$13,583.20"
"HARRAH'S ENTERTAINMENT, INC.",HET,"$13,526.10"
ISHARES S&P 500 INDEX FUND,IVV,"$13,458.50"
"MAXIM INTEGRATED PRODUCTS, INC.",MXIM,"$13,453.50"
"STARWOOD HOTELS & RESORTS WORLDWIDE, INC.",HOT,"$13,331.60"
XEROX CORPORATION,XRX,"$13,325.30"
TELKOM SA LTD,TKG,"$13,317.10"
"EXPRESS SCRIPTS, INC.",ESRX,"$13,294.90"
SCHERING AKTIENGESELLSCHAFT,SHR,"$13,279.40"
"NATIONAL-OILWELL, INC.",NOV,"$13,259.10"
SOUTHWEST AIRLINES COMPANY,LUV,"$13,233.80"
PRINCIPAL FINANCIAL GROUP INC,PFG,"$13,211.90"
PEABODY ENERGY CORPORATION,BTU,"$13,135.30"
NUCOR CORPORATION,NUE,"$13,107.80"
INGERSOLL-RAND COMPANY,IR,"$12,991.90"
UNITED MICROELECTRONICS CORPORATION,UMC,"$12,966.40"
"SUNOCO, INC.",SUN,"$12,959.10"
CHESAPEAKE ENERGY CORPORATION,CHK,"$12,957.80"
TURKCELL ILETISIM HIZMETLERI AS,TKC,"$12,924.40"
RESEARCH IN MOTION LIMITED,RIMM,"$12,903.70"
COMPANHIA DE BEBIDAS DAS AMERICAS - AMBEV,ABV,"$12,851.90"
KERR-MCGEE CORPORATION,KMG,"$12,828.60"
SOUTHERN PERU COPPER CORPORATION,PCU,"$12,823.60"
"NABORS INDUSTRIES, INC.",NBR,"$12,795.00"
TENNESSEE VALLEY AUTHORITY,TVE,"$12,757.50"
AMERICAN TOWER CORPORATION,AMT,"$12,741.60"
SEAGATE TECHNOLOGY HOLDINGS,STX,"$12,682.70"
TELE DANMARK A/S,TLD,"$12,656.30"
"ELECTRICIDADE DE PORTUGAL, S.A.",EDP,"$12,571.70"
MASCO CORPORATION,MAS,"$12,565.70"
GENWORTH FINANCIAL INC,GNW,"$12,509.30"
PROLOGIS,PLD,"$12,471.90"
VORNADO REALTY TRUST,VNO,"$12,415.70"
CAMPBELL SOUP COMPANY,CPB,"$12,378.80"
SEMPRA ENERGY,SRE,"$12,353.10"
EQUITY RESIDENTIAL,EQR,"$12,221.10"
WM. WRIGLEY JR. COMPANY,WWY,"$12,221.00"
M&T BANK CORPORATION,MTB,"$12,146.90"
"KIRIN BREWERY COMPANY, LIMITED",KNBWY,"$12,084.60"
TELEKOM AUSTRIA AG,TKA,"$12,075.00"
INTERNATIONAL GAME TECHNOLOGY,IGT,"$12,040.90"
"KONINKLIJKE AHOLD, N.V.",AHO,"$12,036.70"
KOREA TELECOM CORPORATION,KTC,"$12,026.30"
"FREEPORT-MCMORAN COPPER & GOLD, INC.",FCX,"$12,014.80"
COMPANHIA DE BEBIDAS DAS AME,ABV/C,"$11,988.50"
"LUXOTTICA GROUP, S.P.A.",LUX,"$11,962.30"
CARNIVAL PLC ADS,CUK,"$11,902.40"
PACCAR INC.,PCAR,"$11,782.70"
"LUCENT TECHNOLOGIES, INC.",LU,"$11,771.80"
"PORTUGAL TELECOM SGPS, S.A .",PT,"$11,769.80"
"KINDER MORGAN, INC.",KMI,"$11,748.80"
RINKER GROUP LIMITED,RIN,"$11,709.90"
ROCKWELL AUTOMATION INC,ROK,"$11,709.70"
"D.R. HORTON, INC.",DHI,"$11,684.20"
GOLD FIELDS LTD.,GFI,"$11,632.30"
CSX CORPORATION,CSX,"$11,628.80"
"NETWORK APPLIANCE, INC.",NTAP,"$11,609.70"
"CONSOLIDATED EDISON, INC.",ED,"$11,515.60"
PP&L CORPORATION,PPL,"$11,453.60"
"HELLENIC TELECOMMUNICATION ORGANIZATION, S.A.",OTE,"$11,430.60"
NORTHERN TRUST CORPORATION,NTRS,"$11,394.60"
"ROGERS COMMUNICATION, INC.",RG,"$11,374.60"
H.J. HEINZ COMPANY,HNZ,"$11,358.70"
ROHM AND HAAS COMPANY,ROH,"$11,277.80"
"NORDSTROM, INC.",JWN,"$11,259.50"
PLACER DOME INCORPORATED,PDG,"$11,240.30"
ISHARES MSCI JAPAN INDEX FUND,EWJ,"$11,194.60"
TEXTRON INC.,TXT,"$11,180.10"
AES TRUST,AES,"$11,178.00"
ENBRIDGE INC,ENB,"$11,080.40"
NOBLE CORPORATION,NE,"$11,011.90"
"FORTUNE BRANDS, INC.",FO,"$10,952.60"
AON CORPORATION,AOC,"$10,950.90"
ASML HOLDING N.V.,ASML,"$10,931.10"
"DIAMOND OFFSHORE DRILLING, INC.",DO,"$10,922.20"
FIAT S.P.A.,FIA,"$10,791.40"
"CONAGRA FOODS, INC.",CAG,"$10,764.30"
UPM-KYMMENE OYJ,UPM,"$10,737.20"
MURPHY OIL CORPORATION,MUR,"$10,575.30"
MGM MIRAGE,MGM,"$10,549.50"
ADECCO SA,ADO,"$10,480.80"
"PEARSON, PLC",PSO,"$10,453.40"
"CONSTELLATION ENERGY GROUP, INC.",CEG,"$10,406.10"
AMEREN CORPORATION,AEE,"$10,368.90"
"PULTE HOMES, INC.",PHM,"$10,313.00"
KLA-TENCOR CORPORATION,KLAC,"$10,261.50"
"JUNIPER NETWORKS, INC.",JNPR,"$10,238.70"
"OFFICE DEPOT, INC.",ODP,"$10,238.50"
"AMERIPRISE FINANCIAL SERVICES, INC.",AMP,"$10,168.40"
"GALLAHER GROUP, PLC",GLH,"$10,135.20"
QUEST DIAGNOSTICS INCORPORATED,DGX,"$9,989.20"
"T. ROWE PRICE GROUP, INC.",TROW,"$9,988.70"
"PPG INDUSTRIES, INC.",PPG,"$9,938.10"
ARCHSTONE COMMUNITIES TRUST,ASN,"$9,933.90"
E*TRADE FINANCIAL CORPORATION,ET,"$9,910.50"
MARSHALL & ILSLEY CORPORATION,MI,"$9,872.70"
COLES MEYER LIMITED,CM,"$9,867.00"
ENTERPRISE PRODUCTS PARTNERS L.P.,EPD,"$9,851.80"
EATON CORPORATION,ETN,"$9,797.60"
PITNEY BOWES INC,PBI,"$9,749.70"
"L-3 COMMUNICATIONS HOLDINGS, INC.",LLL,"$9,733.30"
TDK CORPORATION,TDK,"$9,686.90"
"OPEN JOINT STOCK COMPANY VIMPEL-COMMUNICATIONS""""",VIP,"$9,599.80"
AMSOUTH BANCORPORATION,ASO,"$9,597.20"
"SMITH INTERNATIONAL, INC.",SII,"$9,557.60"
NATIONAL SEMICONDUCTOR CORPORATION,NSM,"$9,520.50"
HILTON HOTELS CORPORATION,HLT,"$9,509.60"
"ITT INDUSTRIES, INC.",ITT,"$9,465.20"
LINCOLN NATIONAL CORPORATION,LNC,"$9,446.70"
"PUBLIC STORAGE, INC.",PSA,"$9,414.70"
"SMITH & NEPHEW SNATS, INC.",SNN,"$9,392.80"
"AUTODESK, INC.",ADSK,"$9,384.80"
COMPUTER SCIENCES CORPORATION,CSC,"$9,380.00"
"COCA-COLA ENTERPRISES, INC.",CCE,"$9,347.20"
DOVER CORPORATION,DOV,"$9,308.50"
GRUPO TELEVISA S.A.,TV,"$9,298.80"
"ALBERTSON'S, INC.",ABS,"$9,279.60"
INTUIT INC.,INTU,"$9,259.60"
HERSHEY FOODS CORPORATION,HSY,"$9,248.80"
MITTAL STEEL COMPANY NV,MT,"$9,245.60"
ECOLAB INC.,ECL,"$9,168.20"
CENTEX CORPORATION,CTX,"$9,120.00"
STORA ENSO OYJ,SEO,"$9,109.40"
"MICRON TECHNOLOGY, INC.",MU,"$9,084.00"
HUMANA INC.,HUM,"$9,078.70"
PARKER-HANNIFIN CORPORATION,PH,"$9,074.70"
COMERICA INCORPORATED,CMA,"$9,041.60"
"BANCO SANTIAGO, S.A.",SAN,"$9,041.40"
TRIBUNE COMPANY,TRB,"$8,935.70"
EL PASO CORPORATION,EP,"$8,875.80"
"BOSTON PROPERTIES, INC.",BXP,"$8,805.00"
CINERGY CORPORATION,CIN,"$8,665.50"
SYNOVUS FINANCIAL CORPORATION,SNV,"$8,650.70"
ISHARES MSCI EMERGING INDEX FUND,EEM,"$8,618.10"
CHIRON CORPORATION,CHIR,"$8,599.10"
ROYAL CARIBBEAN CRUISES LTD.,RCL,"$8,586.30"
MIDCAP SPDR TRUST SERIES I,MDY,"$8,574.80"
MIRANT CORP,MIR,"$8,400.00"
"MEDIMMUNE, INC.",MEDI,"$8,395.50"
RYANAIR HOLDINGS PLC,RYAAY,"$8,393.00"
"JABIL CIRCUIT, INC.",JBL,"$8,298.00"
ZIONS BANCORPORATION,ZION,"$8,297.40"
"EXPEDIA, INC.",EXPE,"$8,259.70"
IVAX CORPORATION,IVX,"$8,255.50"
"MBIA, INC.",MBI,"$8,252.90"
ISHARES RUSSELL 2000 INDEX FUND,IWM,"$8,251.00"
SERONO INTERNATIONAL S.A.,SRA,"$8,227.80"
FISHER SCIENTIFIC INTERNATIONAL INC.,FSH,"$8,200.10"
TD AMERITRADE HOLDING CORPORATION,AMTD,"$8,192.60"
"AMBAC FINANCIAL GROUP, INC.",ABK,"$8,114.10"
"ROCKWELL COLLINS, INC.",COL,"$8,083.50"
"H&R BLOCK, INC.",HRB,"$8,014.00"
"MAGNA INTERNATIONAL, INC.",MGA,"$8,005.60"
KIMCO REALTY CORPORATION,KIM,"$7,975.40"
CINCINNATI FINANCIAL CORPORATION,CINF,"$7,956.20"
HUTCHISON TELECOMMUNICATIONS INTERNATIONAL LIMITED,HTX,"$7,936.70"
COMPANHIA SIDERURGICA NACIONAL S.A.,SID,"$7,890.00"
MICROCHIP TECHNOLOGY INCORPORATED,MCHP,"$7,883.90"
"CHICO'S FAS, INC.",CHS,"$7,883.30"
"EXPEDITORS INTERNATIONAL OF WASHINGTON, INC.",EXPD,"$7,841.60"
LENNAR CORPORATION,LEN,"$7,827.50"
ASCO PLC ADS,AAA,"$7,827.30"
XCEL ENERGY INC.,XEL,"$7,824.10"
LABORATORY CORPORATION OF AMERICA HOLDINGS,LH,"$7,795.80"
TELECOMUNICACOES DE SAO PAULO S.A.,TSP,"$7,789.90"
"SOVEREIGN BANCORP, INC.",SOV,"$7,786.00"
IMPERIAL CHEMICAL INDUSTRIES PLC,ICI,"$7,774.50"
NVIDIA CORPORATION,NVDA,"$7,696.10"
DIAMONDS TRUST SERIES I,DIA,"$7,644.00"
FLUOR CORPORATION,FLR,"$7,636.30"
CANADIAN PACIFIC RAILWAY LIMITED,CP,"$7,630.40"
TELECOM CORPORATION OF NEW ZEALAND LIMITED,NZT,"$7,614.40"
UNIVISION COMMUNICATIONS INC.,UVN,"$7,574.40"
SIRIUS SATELLITE RADIO INC.,SIRI,"$7,549.50"
DTE ENERGY COMPANY,DTE,"$7,504.30"
"AUTOZONE, INC.",AZO,"$7,500.00"
AMVESCAP PLC,AVZ,"$7,492.90"
"COOPER INDUSTRIES, LTD.",CBE,"$7,481.10"
FRESENIUS MEDICAL CARE CORPORATION,FMS,"$7,424.20"
GENUINE PARTS COMPANY,GPC,"$7,379.90"
"AFFILIATED COMPUTER SERVICES, INC.",ACS,"$7,367.10"
KB HOME,KBH,"$7,364.40"
HARMONY GOLD MINING CO. LTD.,HMY,"$7,343.20"
"AVALONBAY COMMUNITIES, INC.",AVB,"$7,328.00"
VULCAN MATERIALS COMPANY,VMC,"$7,319.80"
COGNIZANT TECHNOLOGY SOLUTIONS CORPORATION,CTSH,"$7,237.90"
"HARMAN INTERNATIONAL INDUSTRIES, INCORPORATED",HAR,"$7,234.80"
SOUTHWESTERN ENERGY COMPANY,SWN,"$7,207.10"
ISHARES DOW JONES SELECT DIVIDEND INDEX FUND,DVY,"$7,199.60"
SODEXHO ALLIANCE SA,SDX,"$7,188.00"
CINTAS CORPORATION,CTAS,"$7,155.10"
"BARR PHARMACEUTICALS, INC.",BRL,"$7,056.00"
HOST MARRIOTT FINANCIAL TRUST,HMT,"$7,051.50"
INFINEON TECHNOLOGIES AG,IFX,"$7,049.50"
ALTERA CORPORATION,ALTR,"$6,999.20"
QUESTAR CORPORATION,STR,"$6,948.60"
"C.H. ROBINSON WORLDWIDE, INC.",CHRW,"$6,918.60"
"WENDY'S INTERNATIONAL, INC.",WEN,"$6,852.40"
"FIDELITY NATIONAL FINANCIAL, INC.",FNF,"$6,849.10"
PIONEER NATURAL RESOURCES COMPANY,PXD,"$6,825.00"
"PLUM CREEK TIMBER COMPANY, INC.",PCL,"$6,798.90"
"DASSAULT SYSTEMES, S.A.",DASTY,"$6,792.20"
USX CORPORATION,X,"$6,774.70"
CROWN CASTLE INTERNATIONAL CORPORATION,CCI,"$6,750.90"
CONSOL ENERGY INC.,CNX,"$6,745.10"
ALUMINA LTD,AWC,"$6,738.90"
GARMIN LTD.,GRMN,"$6,714.80"
NEWFIELD EXPLORATION COMPANY,NFX,"$6,667.10"
INTERCONTINENTAL HOTELS GROUP,IHG,"$6,664.30"
"MATTEL, INC.",MAT,"$6,663.00"
PRECISION CASTPARTS CORPORATION,PCP,"$6,633.40"
"SCIENTIFIC-ATLANTA, INC.",SFA,"$6,597.20"
BUNGE LIMITED,BG,"$6,577.70"
BRITISH AIRWAYS PLC,BAB,"$6,576.10"
TELUS CORPORATION,TU,"$6,575.00"
ROYAL & SUNALLIANCE INSURANCE GROUP PLC,RSA,"$6,564.30"
NEWELL RUBBERMAID INC.,NWL,"$6,512.80"
"PATTERSON-UTI ENERGY, INC.",PTEN,"$6,500.80"
AMDOCS LIMITED,DOX,"$6,483.20"
SAFECO CORPORATION,SAFC,"$6,454.80"
"GRANT PRIDECO, INC.",GRP,"$6,440.20"
"WYNN RESORTS, LIMITED",WYNN,"$6,427.20"
UST INC.,UST,"$6,369.40"
"W.W. GRAINGER, INC.",GWW,"$6,363.60"
SATYAM COMPUTER SERVICES LIMITED,SAY,"$6,338.10"
LAM RESEARCH CORPORATION,LRCX,"$6,314.20"
W.R. BERKLEY CORPORATION,BER,"$6,295.20"
KEYSPAN CORPORATION,KSE,"$6,263.00"
PHILIPPINE LONG DISTANCE TELEPHONE COMPANY,PHI,"$6,255.80"
ENERPLUS RESOURCES FUND,ERF,"$6,239.00"
ROBERT HALF INTERNATIONAL INC.,RHI,"$6,221.30"
HDFC BANK LIMITED,HDB,"$6,185.30"
V.F. CORPORATION,VFC,"$6,168.10"
"DARDEN RESTAURANTS, INC.",DRI,"$6,146.50"
"SUNTECH POWER HOLDINGS CO., LTD.",STP,"$6,139.70"
"AMERICA MOVIL, S.A. DE C.V.",AMOV,"$6,112.40"
"VERISIGN, INC.",VRSN,"$6,087.50"
UNUMPROVIDENT CORPORATION,UNM,"$6,058.70"
"ASSURANT, INC.",AIZ,"$6,010.80"
"MEMC ELECTRONIC MATERIALS, INC.",WFR,"$6,001.60"
FLEXTRONICS INTERNATIONAL LTD.,FLEX,"$5,999.60"
MGIC INVESTMENT CORPORATION,MTG,"$5,989.20"
AVERY DENNISON CORPORATION,AVY,"$5,956.10"
"AUTONATION, INC.",AN,"$5,848.70"
ECHOSTAR COMMUNICATIONS CORPORATION,DISH,"$5,839.20"
ABERCROMBIE & FITCH COMPANY,ANF,"$5,818.00"
"COMMERCE BANCORP, INC.",CBH,"$5,806.90"
FASTENAL COMPANY,FAST,"$5,762.70"
"MOHAWK INDUSTRIES, INC.",MHK,"$5,739.90"
"WHITE MOUNTAINS INSURANCE GROUP, LTD.",WTM,"$5,721.50"
IMS HEALTH INCORPORATED,RX,"$5,699.70"
"ALLEGHENY ENERGY, INC.",AYE,"$5,665.70"
FORMENTO ECONOMICO MEXICANO S.A. DE C.V.,FMX,"$5,643.50"
ISHARES RUSSELL 1000 VALUE INDEX FUND,IWD,"$5,619.20"
THOMSON MULTIMEDIA S.A.,TMS,"$5,616.50"
"ARCH COAL, INC.",ACI,"$5,597.70"
NORTHERN INDIANA PUBLIC SERVICE COMPANY,NI,"$5,596.90"
DAVITA INC.,DVA,"$5,568.10"
CORUS GROUP PLC,CGA,"$5,514.70"
IRON MOUNTAIN INCORPORATED,IRM,"$5,466.10"
THERMO ELECTRON CORPORATION,TMO,"$5,458.00"
WHIRLPOOL CORPORATION,WHR,"$5,443.20"
"POPULAR, INC.",BPOP,"$5,431.40"
DEVELOPERS DIVERSIFIED REALTY CORPORATION,DDR,"$5,362.50"
DOLLAR GENERAL CORPORATION,DG,"$5,351.00"
VANGUARD TOTAL STOCK MARKET VIPERS,VTI,"$5,344.60"
HUNTINGTON BANCSHARES INCORPORATED,HBAN,"$5,294.20"
"CONSTELLATION BRANDS, INC.",STZ,"$5,275.20"
TOLL BROTHERS INC.,TOL,"$5,272.80"
TEMPLE-INLAND INC.,TIN,"$5,263.70"
CHECK POINT SOFTWARE TECHNOLOGIES LTD.,CHKP,"$5,261.60"
"REPUBLIC SERVICES, INC.",RSG,"$5,250.50"
"NEXTEL PARTNERS, INC.",NXTP,"$5,206.20"
ALLEGHENY TECHNOLOGIES INCORPORATED,ATI,"$5,091.70"
"MONSTER WORLDWIDE, INC.",MNST,"$5,033.00"
"CADENCE DESIGN SYSTEMS, INC.",CDNS,"$5,010.30"
"EQUIFAX, INC.",EFX,"$4,976.50"
ALLIANCE CAPITAL MANAGEMENT HOLDING L.P.,AC,"$4,937.30"
OLD REPUBLIC INTERNATIONAL CORPORATION,ORI,"$4,924.40"
"LIBERTY GLOBAL, INC.",LBTYA,"$4,917.50"
"INTUITIVE SURGICAL, INC.",ISRG,"$4,869.40"
BANCO DE CHILE,BCH,"$4,862.00"
EMBRAER-EMPRESA BRASILEIRA DE AERONAUTICA,ERJ,"$4,859.90"
WISCONSIN ENERGY CORPORATION,WEC,"$4,855.90"
WEIGHT WATCHERS INTERNATIONAL INC,WTW,"$4,847.70"
GOODRICH CORPORATION (THE),GR,"$4,839.20"
ENGELHARD CORPORATION,EC,"$4,832.30"
MATAV,MTA,"$4,811.50"
"LIBERTY GLOBAL, INC.",LBTYK,"$4,798.40"
"BMC SOFTWARE, INC.",BMC,"$4,780.20"
FIRST TENNESSEE NATIONAL CORPORATION,FHN,"$4,771.70"
HUNTSMAN CORPORATION,HUN,"$4,766.20"
PATTERSON COMPANIES INC.,PDCO,"$4,762.40"
RADIAN GROUP INC.,RDN,"$4,751.60"
ASHLAND INC.,ASH,"$4,747.00"
WESTERN DIGITAL CORPORATION,WDC,"$4,715.20"
ADVANCE AUTO PARTS INC,AAP,"$4,713.30"
MANPOWER INC,MAN,"$4,701.20"
MERCANTILE BANKSHARES CORPORATION,MRBK,"$4,672.60"
WATERS CORPORATION,WAT,"$4,642.70"
METSO CORPORATION,MX,"$4,642.00"
HORMEL FOODS CORPORATION,HRL,"$4,620.60"
SCANA CORPORATION,SCG,"$4,598.80"
"WILLIAMS-SONOMA, INC.",WSM,"$4,591.40"
"KNIGHT-RIDDER, INC.",KRI,"$4,585.60"
SEALED AIR CORPORATION,SEE,"$4,580.40"
"STATION CASINOS, INC.",STN,"$4,578.50"
CUMMINS INC.,CMI,"$4,556.10"
AMCOR LIMITED,AMCR,"$4,554.40"
"KING PHARMACEUTICALS, INC.",KG,"$4,533.60"
"LEGGETT & PLATT, INCORPORATED",LEG,"$4,529.30"
AMPHENOL CORPORATION,APH,"$4,517.70"
"URBAN OUTFITTERS, INC.",URBN,"$4,490.70"
AXIS CAPITAL HOLDINGS LIMITED,AXS,"$4,485.10"
"CIRCUIT CITY STORES, INC.",CC,"$4,463.00"
"EQUITABLE RESOURCES, INC.",EQT,"$4,460.20"
IPSCO INC.,IPS,"$4,448.80"
SALESFORCE.COM INC,CRM,"$4,445.70"
LAFARGE CORPORATION,LAF,"$4,420.40"
"NVR, INC.",NVR,"$4,411.00"
"CIBA SPECIALTY CHEMICALS HOLDING, INC.",CSB,"$4,406.30"
REGENCY CENTERS CORPORATION,REG,"$4,374.40"
POTOMAC ELECTRIC POWER COMPANY,POM,"$4,360.70"
SUPERVALU INC.,SVU,"$4,352.70"
"ALERIS INTERNATIONAL, INC.",ARS,"$1,295.70"
COEUR D'ALENE MINES CORPORATION,CDE,"$1,294.30"
